BveTs Vehicle Performance Table 1.00,,,,,,,,,,,,,,,,,,,,,,,,
#,,,,,,,,,,,,,,,,,,,,,,,,
#,,,,,,,,,,,,,,,,,,,,,,,,
#,変1,変1,変1,変1,変1,変2,変2,変2,変2,変2,直1,直1,直1,直1,直1,直2,直2,直2,直2,直2,B1,B2,CB1,CB2
#,0.127,0.351,0.638,0.851,1,0.127,0.351,0.638,0.851,1,0.127,0.351,0.638,0.851,1,0.127,0.351,0.638,0.851,1,0,0,0,0
#,1,2,3,4,5,6,7,8,9,10,11,12,13,14,15,16,17,18,19,20,21,22,23,24
0,12.7,35.1,63.8,85.1,100,9.186680328,25.38995902,46.15040984,61.5579918,72.33606557,2.27E-05,6.26E-05,0.000113876,0.000151894,0.000178489,1.64E-05,4.53E-05,8.24E-05,0.000109874,0.000129112,0,0,0.000142845,0.000103328
1,11.89644271,32.8791448,59.76323186,79.7155334,93.67277721,8.906049213,24.61435649,44.74062518,59.67754237,70.12637176,0.0880372,0.24331541,0.442265617,0.589918558,0.693206296,0.032157767,0.088876979,0.161548469,0.215482362,0.253210766,0.194188793,0.07025179,0.323009433,0.117361406
2,11.24088061,31.06731571,56.46993567,75.32275119,88.51087096,8.364030596,23.11633653,42.01772851,56.04559084,65.85850863,0.172805893,0.477597391,0.868111496,1.157935554,1.360676327,0.094620867,0.261511214,0.475339471,0.634034311,0.745046193,0.38803016,0.210615729,0.640532176,0.348976833
3,10.65427751,29.44607407,53.52306341,71.39204853,83.89194891,8.13121077,22.47287386,40.8481297,54.48551469,64.02528166,0.254637775,0.703762668,1.279203939,1.706273592,2.005021847,0.125000984,0.345475162,0.627957701,0.837605022,0.98425972,0.581403158,0.280685751,0.952720362,0.463335775
4,10.11303723,27.95020525,50.80407679,67.76531246,79.6302144,7.706885168,21.30013145,38.71647824,51.64219904,60.68413518,0.333815004,0.922591074,1.676960414,2.236823373,2.628464598,0.184194948,0.509074225,0.9253258,1.234251184,1.450353918,0.774225658,0.420564169,1.259584234,0.689160426
5,9.623103841,26.59613739,48.34283662,64.48237298,75.77247119,7.511883205,20.76118902,37.73686209,50.33553234,59.14868665,0.410594195,1.13479183,2.06267005,2.751304408,3.233025157,0.213059804,0.588850325,1.070331929,1.427668451,1.677636253,0.966417307,0.490357714,1.561134993,0.800627986
6,9.157128813,25.30828515,46.0019542,61.35997339,72.10337648,7.134857607,19.71917339,35.84282798,47.80916396,56.17998115,0.4852077,1.341007107,2.437500098,3.251273642,3.820533069,0.269444089,0.744684056,1.353585265,1.805487555,2.121606998,1.157899525,0.629616943,1.857384794,1.020678534
7,8.526712415,23.56595321,42.83498048,57.13568713,67.13946783,6.960974705,19.23859938,34.969306,46.64401161,54.81082445,0.593519264,1.640356391,2.981616459,3.977046406,4.67338003,0.297007686,0.820863762,1.49205436,1.990185361,2.338643197,1.443625138,0.699068257,2.291849147,1.129263632
8,8.141744702,22.50198733,40.90104819,54.55610032,64.108226,6.623906703,18.30701774,33.27600375,44.38539058,52.15674569,0.663587166,1.834008624,3.333611117,4.446556521,5.225095794,0.35098016,0.97003178,1.763191669,2.351843433,2.763623306,1.633001631,0.837578959,2.574906017,1.343559083
9,7.786030108,21.51887061,39.11407251,52.17253246,61.30732369,6.311353134,17.44318858,31.70585275,42.29103557,49.69569397,0.732129478,2.023444463,3.677941788,4.905843984,5.764799041,0.403537498,1.115288674,2.02721987,2.70401898,3.177460611,1.821407632,0.975520928,2.852712007,1.554029515
10,7.457881897,20.6119413,37.46557992,49.97368106,58.7234795,6.167888284,17.04668337,30.98513957,41.32970811,48.56604948,0.799284545,2.209046261,4.01530346,5.355835807,6.293579092,0.429328484,1.186569274,2.156784037,2.876838896,3.380539243,2.008772545,1.044261627,3.125283579,1.657833502
11,7.155667471,19.77668726,35.94736887,47.94860644,56.34383835,5.889417786,16.27705231,29.58620904,39.4637365,46.3733684,0.865173018,2.391147476,4.34630225,5.797340462,6.812385972,0.480012847,1.326649681,2.411403123,3.216464041,3.77962872,2.195027547,1.18124913,3.392638148,1.862585705
12,6.888163063,19.03736405,34.60352783,46.15611627,54.23750443,5.754215364,15.90338262,28.90700317,38.55777382,45.30878239,0.929898963,2.570035717,4.671460934,6.231055258,7.322039081,0.504934633,1.395528003,2.536600757,3.38345963,3.975863255,2.38010559,1.249482848,3.654794088,1.963536723
13,6.518576936,18.01590948,32.74686681,43.67959821,51.32737745,5.514876027,15.24190146,27.7046528,36.9540118,43.42422068,1.024997852,2.83286808,5.149201809,6.868292695,8.070849231,0.554002016,1.531139429,2.783096739,3.712249726,4.362220595,2.655373551,1.385398099,4.038323108,2.162595929
14,6.294866676,17.39762365,31.62303102,42.18056331,49.56587933,5.394738339,14.90986738,27.10112646,36.1489947,42.47825464,1.087173494,3.004707846,5.461548734,7.284918452,8.560421213,0.578170992,1.597937152,2.904512544,3.874200901,4.552527499,2.837227499,1.453067025,4.287569127,2.260707179
15,6.090320833,16.83230403,30.59547001,40.80994511,47.95528215,5.176128314,14.30567747,26.00291232,34.68413539,40.75691586,1.148435427,3.174022321,5.769305529,7.695421638,9.042798635,0.625832122,1.729662006,3.143944046,4.193567998,4.927811984,3.017683787,1.587796566,4.53168835,2.454100956
16,5.913328759,16.34313696,29.70632873,39.62395885,46.56164377,4.98262615,13.77088015,25.03083058,33.38751853,39.23327677,1.208825931,3.340928361,6.072684598,8.100085569,9.518314418,0.672652324,1.859062722,3.379151044,4.507300217,5.296474991,3.19668335,1.72167474,4.770703454,2.643734248
17,5.743008833,15.87241024,28.85070579,38.48268124,45.22054199,4.884647897,13.50008986,24.53862487,32.73098709,38.46179446,1.268376248,3.505512308,6.371842884,8.499119583,9.987214552,0.695767511,1.922948002,3.495273007,4.662190171,5.478484337,3.374168897,1.78827976,5.00463807,2.737145054
18,5.587830227,15.44353079,28.07114713,37.44286239,43.99866321,4.715282087,13.0320001,23.68779505,31.5961028,37.12820541,1.327107495,3.667832525,6.66688647,8.892665182,10.44966531,0.741443119,2.049185312,3.724729997,4.968252708,5.838134792,3.55008491,1.920792753,5.233516787,2.921164051
19,5.385600758,14.88461312,27.0552227,36.08776571,42.40630518,4.628948418,12.79339287,23.25408733,31.01759924,36.44841274,1.413692285,3.907133794,7.101855729,9.47285145,11.13143531,0.764015685,2.111570908,3.838126038,5.119506675,6.015871533,3.810898975,1.986689405,5.567411191,3.011775997
20,5.272583491,14.57225831,26.48746667,35.33046103,41.51640544,4.481372183,12.38552469,22.5127201,30.02872226,35.28639514,1.470409738,4.063888332,7.38678278,9.85290305,11.57802944,0.808656278,2.234947667,4.062383509,5.418633803,6.367372271,3.982659907,2.11773531,5.783764009,3.190214492
21,5.16101485,14.26390718,25.92698799,34.58286328,40.6379122,4.405498471,12.17582648,22.13155925,29.52030865,34.68896434,1.526314865,4.218397777,7.667629007,10.22751142,12.01822728,0.830733003,2.295962867,4.173288631,5.566565243,6.54120475,4.152670966,2.182873723,5.995154519,3.278045057
22,5.068952551,14.00946729,25.46450179,33.96597339,39.91301221,4.277469369,11.82198227,21.48838943,28.66241286,33.68086117,1.581393798,4.370623803,7.944324747,10.59658364,12.45191967,0.874417118,2.41669613,4.392741113,5.859283209,6.885174159,4.320884617,2.312354964,6.201611612,3.450939179
23,4.976314312,13.75343562,24.99912229,33.34522425,39.18357726,4.210924679,11.63806742,21.15409405,28.21651104,33.15688723,1.635627074,4.520512621,8.216772229,10.95998929,12.87895334,0.896030147,2.476429778,4.501316804,6.004107523,7.055355491,4.4872551,2.376687433,6.403165135,3.53600701
24,4.901204593,13.54584891,24.62179945,32.84192999,38.59216215,4.100307584,11.33234616,20.59839558,27.4752894,32.28588649,1.688990367,4.667996999,8.484849245,11.31756537,13.29913675,0.938808785,2.594660501,4.716220511,6.29075808,7.392195159,4.651738428,2.504510764,6.599845894,3.703395221
25,4.792019385,13.24408507,24.07329423,32.11030312,37.7324361,3.993214599,11.03636476,20.0604009,26.75768208,31.44263464,1.767340799,4.884540318,8.878452202,11.84257496,13.91606928,0.981000033,2.711267807,4.928173392,6.57347266,7.724409706,4.894833155,2.631179159,6.885800338,3.867135347
26,4.723377687,13.05437455,23.72846429,31.6503497,37.19195029,3.946787081,10.90804933,19.8271666,26.44658115,31.07706363,1.818397044,5.025648522,9.134939479,12.184692,14.31808696,1.001877332,2.768968059,5.033053053,6.713367004,7.888797889,5.054417802,2.694068256,7.07044023,3.947643233
27,4.669498767,12.9054651,23.45779696,31.28931851,36.76770683,3.853821198,10.65111213,19.36014114,25.82363653,30.3450488,1.868469737,5.164038406,9.386485763,12.52021847,14.71236013,1.043195962,2.883163643,5.240622234,6.990234359,8.214141433,5.211975316,2.818932956,7.250322705,4.10594674
28,4.61008783,12.74126637,23.15933886,30.89121845,36.29990418,3.813979451,10.54099833,19.15999126,25.55666546,30.03133426,1.917520939,5.299605114,9.632900463,12.84890015,15.09859007,1.063636553,2.939656929,5.343308035,7.127202411,8.375090965,5.367469693,2.880899482,7.425482869,4.183747327
29,4.564148964,12.61430147,22.92855936,30.58339188,35.93818082,3.733275086,10.31794925,18.75456303,25.01588266,29.39586682,1.965511355,5.432240044,9.873986177,13.17047373,15.47646736,1.104076122,3.051422982,5.546461147,7.398179367,8.693512769,5.520866704,3.003878793,7.595956787,4.336658904
30,4.521150147,12.49546222,22.71254956,30.29526594,35.59960745,3.699131819,10.22358479,18.58304016,24.78709589,29.1270222,2.01240088,5.561832354,10.10954143,13.48467047,15.84567622,1.124072584,3.106688795,5.646915815,7.532171409,8.850965228,5.672133895,3.064882982,7.761781479,4.41177512
31,4.470622088,12.3558138,22.45871568,29.95668816,35.20174872,3.628942691,10.02959752,18.23043651,24.31677347,28.5743519,2.058149115,5.688270388,10.33936327,13.79121966,16.20589854,1.163610651,3.215963296,5.845540122,7.797107592,9.162288592,5.821240585,3.185899539,7.922994922,4.559341791
32,4.413004929,12.19657268,22.16926886,29.57060783,34.74807031,3.571829131,9.871748227,17.94351957,23.93406764,28.12463882,2.124543763,5.871770558,10.67290489,14.23611608,16.72869105,1.202528613,3.323523962,6.041049253,8.057888581,9.468729237,6.040786934,3.305566751,8.156254422,4.703372469
33,4.365975294,12.06659314,21.93300974,29.25547225,34.37775822,3.545338568,9.798534153,17.810441,23.75656001,27.91605172,2.167264419,5.989841032,10.88751732,14.52237812,17.06507417,1.221749179,3.37664537,6.137606114,8.186681509,9.620072279,6.184369787,3.36488456,8.306112166,4.774068854
34,4.329707163,11.96635602,21.75081236,29.01244721,34.09218239,3.489221362,9.643438568,17.52852936,23.38053055,27.47418395,2.208706858,6.104378796,11.09570847,14.80007509,17.39139258,1.259700167,3.481533534,6.328257534,8.440983012,9.918898956,6.325698729,3.482469701,8.45149911,4.912838185
35,4.28338826,11.83834078,21.5181237,28.70207409,33.72746662,3.466358284,9.580250061,17.4136739,23.22732992,27.29415972,2.248834984,6.21528409,11.29729701,15.06896513,17.70736208,1.278424799,3.533284287,6.422323007,8.566452788,10.066337,6.464751061,3.540729721,8.592457534,4.980917048
36,4.247311089,11.73863144,21.33688563,28.46032864,33.4433944,3.416705581,9.443020937,17.16423749,22.89461771,26.90319355,2.287614738,6.322462781,11.49211184,15.32882002,18.01271448,1.315356878,3.635356411,6.607855812,8.813926796,10.35714077,6.601505861,3.656166976,8.729030675,5.114478281
37,4.21079083,11.63769749,21.15342165,28.21561414,33.15583331,3.396801303,9.3880099,17.06424592,22.76124338,26.74646695,2.32501443,6.425827284,11.67999375,15.5794274,18.30720024,1.333557806,3.685659764,6.699290397,8.935887347,10.50045517,6.735943979,3.713337381,8.861262725,5.179966829
38,4.144192557,11.45363455,20.8188571,27.76935328,32.63143746,3.359432169,9.284729852,16.87651751,22.51084075,26.4522218,2.378463667,6.573549189,11.94850251,15.93757937,18.72806037,1.36941247,3.78475415,6.879410677,9.176141828,10.78277536,6.933219855,3.826565266,9.05157028,5.308375549
39,4.105515139,11.34673869,20.62455637,27.51018412,32.32689086,3.334756156,9.216530793,16.75255455,22.34549204,26.25792249,2.412292746,6.667045306,12.11844702,16.16426084,18.99443107,1.387059204,3.83352583,6.968061196,9.294388836,10.92172601,7.061794134,3.882616397,9.173149223,5.371302158
40,4.065572769,11.23634679,20.423901,27.24253879,32.01238401,3.301525788,9.124689382,16.58561774,22.1228224,25.99626604,2.444653602,6.756483578,12.28101573,16.38110406,19.24924096,1.421773583,3.929468721,7.142453116,9.52700251,11.19506758,7.18799868,3.993577759,9.29054928,5.494616283
41,4.013694183,11.09296581,20.16328259,26.89491142,31.6038912,3.270422135,9.038725743,16.42936474,21.91440344,25.75135539,2.475528531,6.841815074,12.43611971,16.58799039,19.49235064,1.45569162,4.023210699,7.312844518,9.75428007,11.46213874,7.311822327,4.102998494,9.403818948,5.614567341
42,3.970887464,10.97465748,19.94823781,26.60807269,31.26683042,3.248354452,8.977735533,16.31850504,21.76653259,25.57759411,2.504903507,6.923001032,12.58368849,16.78482586,19.72364966,1.472342877,4.069231102,7.39649414,9.865856604,11.593251,7.433255683,4.15712414,9.513007679,5.673290277
43,3.926434335,10.85179883,19.72492209,26.31020173,30.91680579,3.219715147,8.898582808,16.174632,21.57462669,25.35208777,2.53276833,7.000013257,12.72367082,16.97154211,19.94305771,1.50501164,4.159520359,7.560609655,10.08476304,11.85048535,7.55229113,4.264192721,9.618165882,5.788248458
44,3.84598133,10.62944446,19.3207566,25.77110325,30.28331756,3.205837262,8.860227393,16.10491475,21.48163394,25.24281309,2.57172143,7.107671039,12.91935648,17.23255856,20.24977504,1.521021918,4.203769239,7.641039243,10.19204451,11.97655054,7.726335924,4.317130589,9.768458568,5.844490831
45,3.797296052,10.49488909,19.07618017,25.44487355,29.89996891,3.171443181,8.765169735,15.93213188,21.25116651,24.97199355,2.59579231,7.174197645,13.04027948,17.39385241,20.43930953,1.552376485,4.290426347,7.798552734,10.40214479,12.22343689,7.839354914,4.421801414,9.863767264,5.954520279
46,3.746835794,10.35542806,18.8226869,25.10675008,29.50264405,3.158174752,8.728498723,15.86547631,21.16225759,24.86751773,2.618348878,7.236539024,13.15359515,17.54499917,20.6169203,1.567713811,4.332815337,7.875601667,10.50491696,12.34420324,7.949963304,4.473529785,9.955229393,6.008314743
47,3.694615721,10.21110329,18.56035299,24.75683448,29.09146237,3.131939813,8.655991135,15.73368189,20.98646284,24.66094341,2.639399175,7.294717404,13.25934388,17.68605274,20.78267067,1.597691641,4.415667449,8.026198953,10.70579202,12.58024914,8.058161459,4.57576158,10.04289967,6.113481938
48,3.640671549,10.06201349,18.28935786,24.39536605,28.66670511,3.098434541,8.563389951,15.56536407,20.76195113,24.39712237,2.658955357,7.348766381,13.35758675,17.81709456,20.93665636,1.626718749,4.495891975,8.17202017,10.9002965,12.80880904,8.163951519,4.676346567,10.12683375,6.215445716
49,3.574794776,9.879944617,17.95841785,23.9539398,28.14799036,3.085412501,8.527399903,15.49994626,20.67469321,24.29458662,2.677033656,7.398730813,13.4484053,17.9382334,21.07900517,1.640868018,4.534997437,8.243100754,10.99510775,12.92022062,8.267337397,4.726016726,10.20708828,6.26523607
50,3.488651845,9.641864548,17.52566832,23.37671433,27.46969957,3.059182419,8.454905741,15.36817625,20.49893101,24.08805054,2.701425411,7.466144247,13.57094026,18.10167736,21.27106623,1.668423375,4.611154368,8.381528452,11.17975033,13.13719193,8.417921301,4.824103521,10.32069711,6.362453581
51,3.42938043,9.478051424,17.22791113,22.97954918,27.00299551,3.045920416,8.418252488,15.30155296,20.41006515,23.98362532,2.715906051,7.506165542,13.64368552,18.19870905,21.38508701,1.681823963,4.648190638,8.44884794,11.26954482,13.24270837,8.515325489,4.872516854,10.39200674,6.409888815
52,3.368756714,9.31050084,16.9233605,22.57332255,26.52564342,3.011433989,8.322939607,15.12830618,20.17897893,23.71207865,2.72899645,7.54234452,13.70944673,18.28642503,21.48816103,1.707858153,4.7201434,8.579633872,11.4439944,13.44770199,8.610353164,4.968075734,10.45984253,6.502432763
53,3.306897445,9.139535458,16.61260291,22.15881674,26.03856256,2.997745846,8.285108598,15.05954212,20.0872576,23.604298,2.740729914,7.574773226,13.76839122,18.36504848,21.5805505,1.720487038,4.755046852,8.643076614,11.52861787,13.54714203,8.703016222,5.015218461,10.5242654,6.547549813
54,3.234190461,8.938589384,16.2473505,21.67162269,25.46606662,2.969768123,8.207784341,14.91899262,19.89978483,23.38400097,2.751143089,7.603552946,13.82070308,18.43482495,21.66254401,1.744957663,4.822678265,8.766007786,11.69259032,13.73982412,8.793328334,5.108224036,10.58533723,6.635495237
55,3.170435803,8.762385565,15.9270712,21.24441628,24.96406144,2.95544387,8.168195263,14.84703299,19.80380105,23.27121158,2.760275741,7.628793584,13.86658207,18.49602091,21.73445465,1.756795566,4.855395619,8.825476938,11.7719136,13.83303595,8.881304945,5.154084543,10.64312088,6.678332207
56,3.105843979,8.583868004,15.60258629,20.8116002,24.4554644,2.926048996,8.086954312,14.69936425,19.60683225,23.03975587,2.768170501,7.65061296,13.90624236,18.54892202,21.79661812,1.779668143,4.918610378,8.940380118,11.92517787,14.01313498,8.966963275,5.244515751,10.69768013,6.76175648
57,3.007694358,8.312604093,15.10951969,20.15392046,23.68263274,2.888011026,7.981825748,14.50827586,19.3519479,22.7402443,2.777791124,7.67720224,13.95457273,18.61338777,21.87237105,1.801460445,4.978839499,9.049856411,12.07120346,14.18472792,9.091146023,5.333221154,10.77361517,6.842210792
58,2.941626824,8.130007994,14.77762137,19.71121596,23.16241594,2.87238376,7.93863543,14.42977038,19.24723291,22.61719496,2.782793829,7.691028614,13.97970443,18.64690983,21.91176243,1.811948644,5.007826566,9.102545154,12.14148264,14.26731215,9.171095624,5.376924705,10.82039882,6.881335473
59,2.875215727,7.946462362,14.44399711,19.26620932,22.63949391,2.840228115,7.849764319,14.26823258,19.03176477,22.36400091,2.786726065,7.701896448,13.9994585,18.67325891,21.94272492,1.83210496,5.06353418,9.203802868,12.27654583,14.4260233,9.24880118,5.463030264,10.8641889,6.957402779
60,2.808598062,7.762345824,14.10933515,18.81981851,22.11494537,2.823687067,7.804048509,14.18513661,18.92092673,22.23375644,2.789639442,7.70994838,14.01409421,18.69278083,21.9656649,1.841771945,5.090251595,9.252366147,12.34132224,14.5021413,9.324287893,5.505431215,10.9050535,6.994354694
61,2.741905566,7.578022469,13.77429725,18.37292627,21.5898076,2.782031577,7.688921918,13.97587517,18.64180214,21.90576045,2.791586526,7.715329689,14.02387562,18.70582782,21.98099627,1.8602821,5.141409583,9.345354172,12.46535486,14.64789055,9.397582741,5.588927421,10.94306169,7.066118595
62,2.666832861,7.370538064,13.39716036,17.86988004,20.99868394,2.764583635,7.640699652,13.8882233,18.52488719,21.76837508,2.792620399,7.718187087,14.02906941,18.71275559,21.989137,1.869125235,5.165850059,9.38977874,12.52461083,14.71752154,9.468714473,5.630022099,10.97828347,7.100940129
63,2.567525732,7.096075054,12.89827887,17.20444408,20.21673805,2.728724251,7.541592221,13.70807931,18.28460108,21.48601772,2.792575057,7.718061771,14.02884162,18.71245176,21.98877997,1.885988925,5.212457581,9.474495545,12.63761083,14.8503065,9.571423486,5.71090377,11.02604714,7.168486558
64,2.50169647,6.914137487,12.56757754,16.76333619,19.6983974,2.691584466,7.438946042,13.52150306,18.03573528,21.19357847,2.791557233,7.71524873,14.02372846,18.70563154,21.98076561,1.901759756,5.256044681,9.553722241,12.74328782,14.97448627,9.637284854,5.79004168,11.05461549,7.233270234
65,2.43626807,6.733307814,12.23888999,16.32491439,19.18321315,2.672539651,7.386310374,13.42582911,17.90812002,21.0436193,2.789809043,7.710417117,14.01494621,18.69391728,21.96700033,1.909237518,5.276711565,9.591287687,12.7933947,15.03336628,9.701097704,5.828956957,11.08065001,7.264638489
66,2.371309299,6.553776095,11.91256168,15.88963948,18.67172677,2.633518559,7.278464679,13.2298019,17.64664798,20.73636661,2.78737969,7.703702922,14.00274206,18.67763871,21.94787157,1.923383691,5.315808468,9.662352714,12.8881852,15.14475347,9.762898768,5.905481324,11.10422503,7.325353105
67,2.306871444,6.37568407,11.58885025,15.45785511,18.16434208,2.606070284,7.202603699,13.09191214,17.46272293,20.52023846,2.784315966,7.695235466,13.98735108,18.65710935,21.92374777,1.930055038,5.334246602,9.695867043,12.93288849,15.19728377,9.822726555,5.943091122,11.1254158,7.354709708
68,2.242986435,6.199119991,11.26791611,15.02977525,17.66131051,2.565373177,7.090125868,12.88746525,17.19002027,20.1997888,2.780661628,7.685135682,13.96899306,18.63262241,21.89497345,1.942602958,5.368926285,9.758903048,13.01696943,15.29608628,9.880621347,6.017008316,11.14429856,7.411447425
69,2.148212683,5.937186233,10.7918086,14.39471648,16.91506049,2.544599653,7.032712428,12.78310692,17.0508213,20.03621774,2.774159186,7.667164365,13.93632725,18.58905093,21.84377312,1.948483546,5.385178935,9.788444902,13.056374,15.34239013,9.96393165,6.053316901,11.16846429,7.43883904
70,2.085705665,5.764430619,10.47779697,13.97587025,16.42287926,2.502243448,6.915649215,12.57032535,16.76700137,19.70270432,2.769193841,7.653441245,13.91138323,18.5557792,21.80467591,1.959469332,5.415541225,9.843633338,13.12998741,15.42889238,10.01718183,6.124637623,11.1819168,7.491694353
71,2.023683965,5.593016313,10.16622338,13.56027602,15.93451941,2.480678876,6.856049493,12.4619931,16.62250176,19.53290454,2.763757419,7.638416174,13.8840727,18.5193509,21.76186944,1.964579582,5.429664829,9.869305301,13.16423011,15.46913057,10.06865397,6.15965143,11.19333564,7.517168811
72,1.962069419,5.422727293,9.856695194,13.14741005,15.44936551,2.436826066,6.734849993,12.24169315,16.3286534,19.18760682,2.757871512,7.622148823,13.85450413,18.47991068,21.71552371,1.974048662,5.455835278,9.91687438,13.2276804,15.54369025,10.11839633,6.228390711,11.20280133,7.566238549
73,1.900754322,5.253265881,9.548671317,12.73655061,14.96656946,2.392079504,6.611180362,12.01690334,16.02881621,18.83527169,2.751550724,7.604679559,13.82275088,18.43755642,21.66575373,1.982536188,5.479292928,9.959512502,13.28455351,15.61052116,10.16645896,6.295419521,11.21039536,7.612839517
74,1.839599586,5.084247676,9.241453041,12.32676573,14.48503611,2.369399244,6.548497122,11.90296628,15.8768406,18.65668696,2.744801865,7.586027201,13.78884716,18.39233376,21.61261311,1.986420062,5.4900271,9.979023617,13.31057852,15.64110285,10.21289367,6.32829554,11.21620018,7.635228175
75,1.747781738,4.830483386,8.780194873,11.71151385,13.76206093,2.316509301,6.402320981,11.6372672,15.52243634,18.24023071,2.733869378,7.555812219,13.73392648,18.31907749,21.52653054,1.993485673,5.509554892,10.01451858,13.35792368,15.69673758,10.27961109,6.392777587,11.22173534,7.678210139
76,1.686196982,4.660276697,8.470816333,11.29884749,13.27714159,2.293368521,6.338364968,11.52101667,15.36737489,18.05801985,2.726021327,7.534121936,13.69450084,18.26648937,21.46473486,1.99667487,5.518369129,10.0305399,13.37929381,15.72184937,10.32221432,6.424386569,11.2234341,7.698814896
77,1.624012293,4.488411929,8.158423963,10.88216112,12.78749837,2.246645337,6.209232388,11.28629705,15.05429277,17.69012076,2.717695276,7.511110566,13.65267391,18.21069827,21.3991754,2.002385629,5.534152407,10.05922859,13.4175604,15.76681598,10.36338495,6.486348435,11.22363973,7.738280911
78,1.560924794,4.314051989,7.841496207,10.45942519,12.29074641,2.223088365,6.14412611,11.16795572,14.89644251,17.50463279,2.708852156,7.486670131,13.60824941,18.1514424,21.32954453,2.004915371,5.541144056,10.07193706,13.43451166,15.7867352,10.40318276,6.516704753,11.22243899,7.757153879
79,1.496590203,4.136245365,7.518303542,10.02833278,11.78417483,2.175647763,6.013010747,10.92963207,14.57855312,17.13108475,2.699440134,7.460657378,13.56096697,18.08837444,21.25543413,2.009344809,5.553386046,10.09418888,13.46419238,15.82161267,10.44166934,6.576177349,11.21991958,7.793209335
80,1.430621032,3.95392112,7.186899358,9.586287388,11.26473254,2.127857108,5.880927914,10.68954988,14.2583181,16.75478038,2.689393617,7.432891021,13.51049707,18.02105487,21.17632769,2.012963569,5.563387502,10.11236817,13.48844092,15.85010684,10.47890803,6.634009744,11.21617016,7.827050788
81,1.327643545,3.66931405,6.669579385,8.896257142,10.45388618,2.103862319,5.814611607,10.56900913,14.09753412,16.56584503,2.672954033,7.387455635,13.42791081,17.91089671,21.04688215,2.01448026,5.567579301,10.11998745,13.49860395,15.86204929,10.53256919,6.662316113,11.20843606,7.843156414
82,1.255592696,3.470181387,6.307623148,8.413459717,9.886556659,2.055736251,5.681601766,10.32724196,13.77505157,16.18689962,2.660934677,7.354236786,13.36753011,17.83035756,20.95224155,2.016951466,5.574409171,10.13240186,13.51516298,15.88150761,10.56697691,6.717720384,11.20200577,7.873768145
83,1.180184547,3.261769889,5.928801108,7.908165741,9.292791706,2.031629336,5.614975566,10.20613792,13.61351626,15.99708138,2.64792783,7.318288727,13.30218863,17.74320144,20.84982543,2.017915416,5.577073316,10.13724437,13.5216222,15.88909777,10.60037242,6.744823005,11.19466333,7.888286652
84,1.100814675,3.042409062,5.530076871,7.376325105,8.667832086,1.983386608,5.481643302,9.963784692,13.290252,15.61721739,2.63379288,7.279222842,13.23117998,17.64848615,20.73852662,2.01932386,5.580965943,10.14431986,13.53105988,15.90018787,10.63282704,6.797841614,11.18650168,7.915780278
85,1.016825434,2.810281317,5.108146668,6.813531057,8.00649948,1.953099525,5.397936483,9.811633836,13.08730469,15.37873642,2.618369467,7.236595928,13.15369858,17.54513714,20.61708242,2.019777959,5.582220972,10.14660108,13.5341027,15.90376345,10.66441387,6.823762801,11.17761474,7.928768058
86,0.927504115,2.563416886,4.659430122,6.215007891,7.30318201,1.905094328,5.265260702,9.570473868,12.76563207,15.00074274,2.601476296,7.189906929,13.06883368,17.43193959,20.48406533,2.020209956,5.583414917,10.14877127,13.53699742,15.90716501,10.69520779,6.874442541,11.16809741,7.953257529
87,0.832081101,2.299688712,4.180060964,5.575598558,6.551819693,1.881146315,5.199073672,9.4501681,12.60516152,14.8121757,2.582909934,7.138593596,12.97556329,17.30753034,20.33787349,2.020197439,5.583380324,10.1487084,13.53691355,15.90706645,10.72528545,6.899206774,11.1580455,7.96477214
88,0.675677272,1.867423012,3.39434724,4.527569752,5.32029348,1.833405268,5.067127945,9.210335126,12.28525892,14.43626195,2.551420288,7.051563158,12.81737121,17.09652492,20.08992353,2.019739118,5.582113625,10.14640596,13.53384243,15.90345762,10.76923099,6.947598768,11.14217731,7.986373741
89,0.561242651,1.551150949,2.819470956,3.760767685,4.419233473,1.785924998,4.935902947,8.971812195,11.96710373,14.06240156,2.52762435,6.985796431,12.69782941,16.9370734,19.90255393,2.018734164,5.579336154,10.14135745,13.52710845,15.8955446,10.79786498,6.994496141,11.13121451,8.006115851
90,0.437537528,1.209257263,2.198023174,2.931845957,3.445177388,1.762300468,4.870609956,8.853131487,11.80880078,13.87638164,2.50125068,6.912905424,12.56533806,16.76034905,19.69488725,2.018038098,5.577412382,10.13786068,13.52244427,15.89006377,10.82606495,7.017392396,11.1200601,8.01530626
91,0.30351296,0.838842906,1.5247344,2.033775822,2.38986583,1.71531185,4.740743774,8.617078426,11.49394003,13.50639252,2.471980462,6.832008994,12.41829555,16.56421554,19.46441309,2.0162808,5.572555597,10.12903268,13.51066898,15.87622677,10.85391554,7.062096855,11.1088142,8.032359497
92,0.158052664,0.436822717,0.793996847,1.059077299,1.244509164,1.691957056,4.676196274,8.499752772,11.33744453,13.32249651,2.439465567,6.742144993,12.25495301,16.34634014,19.20839029,2.015228036,5.56964599,10.12374399,13.50361464,15.86793729,10.88150316,7.083912021,11.0975779,8.040235935
93,0,0,0,0,0,1.645543241,4.547918722,8.266587307,11.02643542,12.9570334,2.403327162,6.64226641,12.07340732,16.10418437,18.92383592,2.012794445,5.56292008,10.11151855,13.48730766,15.84877516,10.90891598,7.12648624,11.08645325,8.054722808
94,0,0,0,0,0,1.622488139,4.484199501,8.150767185,10.87194808,12.77549716,2.341417353,6.471161345,11.76239584,15.6893399,18.43635711,2.011421219,5.559124786,10.10461998,13.47810596,15.83796235,10.94990473,7.147252736,11.07020122,8.061347115
95,0,0,0,0,0,1.576683893,4.357606665,7.920663967,10.56502357,12.4148338,2.294348349,6.341072997,11.52593895,15.37394051,18.06573503,2.008379569,5.550718337,10.08933988,13.45772451,15.81401236,10.977278,7.187763719,11.05980845,8.073392471
96,0,0,0,0,0,1.531278359,4.232115779,7.692563723,10.26077073,12.05730991,2.242067298,6.196579697,11.26329871,15.0236163,17.65407321,2.004965493,5.541282583,10.07218885,13.43484752,15.78712987,11.00479909,7.226938576,11.04989204,8.08388066
97,0,0,0,0,0,1.508717418,4.169762312,7.579226083,10.10959467,11.87966471,2.184039155,6.036202703,10.97178725,14.63478205,17.1971587,2.003125873,5.536198278,10.0629473,13.42252061,15.77264467,11.03256414,7.246035215,11.04055834,8.08855867
98,0,0,0,0,0,1.46385336,4.045767948,7.353846013,9.808970153,11.52640441,2.119689984,5.858355782,10.64852134,14.20359194,16.69047231,1.999193379,5.525329733,10.04319194,13.39616981,15.74168015,11.06067111,7.283268136,11.03191466,8.096818607
99,0,0,0,0,0,1.441536129,3.984088041,7.241732679,9.659427132,11.35067818,2.048405375,5.661340841,10.29041441,13.72592893,16.12917618,1.997104419,5.519556308,10.03269779,13.38217213,15.72523165,11.08921971,7.301413145,11.02406926,8.100415096
100,0,0,0,0,0,1.397086022,3.861237745,7.01843214,9.361576413,11.00067734,1.927026529,5.325876469,9.680652955,12.91259509,15.17343723,1.992688515,5.507351723,10.01051396,13.3525821,15.69046075,11.13309314,7.336782683,11.01403712,8.10657785
101,0,0,0,0,0,1.374930893,3.800005853,6.907133145,9.213119603,10.8262275,1.835435072,5.072737876,9.220532094,12.29886021,14.45224466,1.990363536,5.500925992,9.99883414,13.3370029,15.67215382,11.16319369,7.354016422,11.00866737,8.109158938
102,0,0,0,0,0,1.330693963,3.677744733,6.684903531,8.916697344,10.47790522,1.734415514,4.793542089,8.713048014,11.62194962,13.65681507,1.985481677,5.487433611,9.974309526,13.30429061,15.63371399,11.19409883,7.387605463,11.00448236,8.113357915
103,0,0,0,0,0,1.308581026,3.616629449,6.573816491,8.76852325,10.3037876,1.623150978,4.486031444,8.15409704,10.87638963,12.78071636,1.982924477,5.480366075,9.961463123,13.28715536,15.61357856,11.22591626,7.403970457,11.00159466,8.114990888
104,0,0,0,0,0,1.264276544,3.49418163,6.351247521,8.471648339,9.954933418,1.500774909,4.147810968,7.539325919,10.0563736,11.81712526,1.977573546,5.465577281,9.934582067,13.2512999,15.57144525,11.25875545,7.435866219,11.00011779,8.117361831
105,0,0,0,0,0,1.219728554,3.371060808,6.127455257,8.17314173,9.604161845,1.3663693,3.776343498,6.86412294,9.155750191,10.75881339,1.971896575,5.449887384,9.906063109,13.21325973,15.52674468,11.29272764,7.466683719,11.00016624,8.118590647
106,0,0,0,0,0,1.197304829,3.309086573,6.014806934,8.022885111,9.427597075,1.140065887,3.15089076,5.727260128,7.639339136,8.976896752,1.968929985,5.441688384,9.891160082,13.19338124,15.50338571,11.34605801,7.481701187,11.00335167,8.118796124
107,0,0,0,0,0,1.15202557,3.183944685,5.787341052,7.719478425,9.071067479,0.971216252,2.684227593,4.879023375,6.507913624,7.647372061,1.962724326,5.424537311,9.859985198,13.15179844,15.45452225,11.38336104,7.510980393,11.00772055,8.118428328
108,0,0,0,0,0,1.129111582,3.120615475,5.672229839,7.565936666,8.89064238,0.786692725,2.174245249,3.95204692,5.271460703,6.194430909,1.959477072,5.415562615,9.843672218,13.13003928,15.42895332,11.42220039,7.525253105,11.01402296,8.117870828
109,0,0,0,0,0,1.082574471,2.99199716,5.43844498,7.254101376,8.524208432,0.585323156,1.617704155,2.940442311,3.922126029,4.608843748,1.952668785,5.396746013,9.809469961,13.0844184,15.37534477,11.4626953,7.553092782,11.02237768,8.116048385
110,0,0,0,0,0,1.058881294,2.926514442,5.319419412,7.095338433,8.337647982,0.365873714,1.011194282,1.838011259,2.451641977,2.88089539,1.949095903,5.386871355,9.791521153,13.06047727,15.34721184,11.50496676,7.566671202,11.03290446,8.114799475
111,0,0,0,0,0,1.010455357,2.792675829,5.076145809,6.770846526,7.956341393,0.127046943,0.351129741,0.638235825,0.851314557,1.000369632,1.941578059,5.366093689,9.753754341,13.01010179,15.28801621,11.54913755,7.593174448,11.045724,8.111666687
112,0,0,0,0,0,0.960365105,2.654237417,4.824511317,6.4352024,7.561929964,0,0,0,0,0,1.933509782,5.343794752,9.71322237,12.95603799,15.22448647,11.59533223,7.618846153,11.06095795,8.107741655
113,0,0,0,0,0,0.93458344,2.582982577,4.694993972,6.262444937,7.358924721,0,0,0,0,0,1.929246085,5.332010833,9.691803166,12.92746786,15.19091405,11.66869583,7.63138545,11.08860435,8.105502603
114,0,0,0,0,0,0.881302718,2.43572641,4.427331765,5.90542215,6.939391481,0,0,0,0,0,1.920206453,5.307027285,9.646391475,12.86689521,15.11973585,11.72050676,7.655902177,11.11041282,8.100512915
115,0,0,0,0,0,0.853699068,2.359436006,4.288661457,5.720455956,6.722039902,0,0,0,0,0,1.915406812,5.293762133,9.622279888,12.83473383,15.0819434,11.77479145,7.667892346,11.13506902,8.097779005
116,0,0,0,0,0,0.796286025,2.200759014,4.000240031,5.335743365,6.269968701,0,0,0,0,0,1.905182145,5.265503408,9.570915027,12.76622051,15.00143421,11.83168245,7.691368741,11.1626989,8.091875188
117,0,0,0,0,0,0.766357725,2.118043791,3.849891564,5.135200189,6.034312796,0,0,0,0,0,1.899728134,5.250429724,9.543516137,12.72967435,14.95848924,11.89131407,7.702868187,11.19342938,8.088722267
118,0,0,0,0,0,0.70374169,1.944986875,3.535332268,4.715623448,5.541273147,0,0,0,0,0,1.888057234,5.21817393,9.484885948,12.65147013,14.86659239,11.95382238,7.725423228,11.22738833,8.082057183
119,0,0,0,0,0,0.670919985,1.854274919,3.370448429,4.495692183,5.282834528,0,0,0,0,0,1.8818056,5.200895791,9.453480099,12.60957925,14.81736693,12.05328069,7.736492523,11.28466218,8.078562265
120,0,0,0,0,0,0.601894731,1.663504335,3.02369164,4.033168629,4.739328589,0,0,0,0,0,1.868375423,5.163777745,9.386011969,12.5195865,14.71161751,12.12358773,7.758249518,11.32725799,8.07129111
121,0,0,0,0,0,0.527856527,1.458879063,2.651751687,3.537054367,4.156350607,0,0,0,0,0,1.853570855,5.122861183,9.311639415,12.42038424,14.5950461,0,7.779545126,0,8.063703281
122,0,0,0,0,0,0.488758355,1.350820334,2.455337246,3.275065824,3.848490981,0,0,0,0,0,1.845597053,5.10082335,9.271582044,12.36695348,14.53226026,0,7.790037989,0,8.059812682
123,0,0,0,0,0,0.405980852,1.122041568,2.039494359,2.720391379,3.196699623,0,0,0,0,0,1.828384007,5.053250287,9.185110208,12.25161252,14.39672446,0,7.810750691,0,8.05188263
124,0,0,0,0,0,0.36212368,1.000830013,1.819172502,2.426513792,2.851367558,0,0,0,0,0,1.819092177,5.027569717,9.138431566,12.18934994,14.32356045,0,7.820985515,0,8.047861113
125,0,0,0,0,0,0.269005778,0.743472662,1.351383356,1.802550527,2.118155731,0,0,0,0,0,1.798997007,4.972031097,9.037481026,12.05469648,14.16533076,0,7.841250169,0,8.039750261
126,0,0,0,0,0,0.219549334,0.606785955,1.102932875,1.471153412,1.728734914,0,0,0,0,0,1.788133408,4.942006506,8.982906413,11.98190181,14.07979062,0,7.851295465,0,8.035679121
127,0,0,0,0,0,0,0,0,0,0,0,0,0,0,0,1.764613412,4.877002423,8.864750843,11.82429932,13.8945938,0,7.871251261,0,8.027551224
128,0,0,0,0,0,0,0,0,0,0,0,0,0,0,0,1.738472312,4.804754186,8.733427836,11.64913337,13.68875836,0,7.891080617,0,8.019504094
129,0,0,0,0,0,0,0,0,0,0,0,0,0,0,0,1.724326886,4.765659347,8.662366563,11.55434788,13.57737706,0,7.900968164,0,8.015534074
130,0,0,0,0,0,0,0,0,0,0,0,0,0,0,0,1.693689192,4.680983514,8.508454364,11.3490512,13.33613537,0,7.920730269,0,8.007748016
131,0,0,0,0,0,0,0,0,0,0,0,0,0,0,0,1.677113412,4.635171712,8.42518391,11.23798042,13.20561741,0,7.930621575,0,8.003950865
132,0,0,0,0,0,0,0,0,0,0,0,0,0,0,0,1.641227116,4.535989902,8.244904723,10.99751398,12.92304815,0,7.950467167,0,7.996595861
133,0,0,0,0,0,0,0,0,0,0,0,0,0,0,0,1.621823271,4.482361953,8.14742714,10.86749294,12.77026197,0,7.960438683,0,7.993057154
134,0,0,0,0,0,0,0,0,0,0,0,0,0,0,0,1.579847995,4.366351546,7.93655922,10.58622554,12.43974799,0,7.980522832,0,7.986305521
135,0,0,0,0,0,0,0,0,0,0,0,0,0,0,0,1.557172791,4.303682282,7.822647567,10.43428382,12.26120308,0,7.990653177,0,7.983112001
136,0,0,0,0,0,0,0,0,0,0,0,0,0,0,0,1.508174152,4.168260845,7.57649692,10.10595436,11.87538702,0,8.011135285,0,7.977138392
137,0,0,0,0,0,0,0,0,0,0,0,0,0,0,0,1.453925127,4.018328502,7.303970325,9.742443177,11.44822935,0,8.031973394,0,7.971781646
138,0,0,0,0,0,0,0,0,0,0,0,0,0,0,0,1.42467967,3.937500507,7.157052203,9.546475587,11.21795016,0,8.04254904,0,7.969359368
139,0,0,0,0,0,0,0,0,0,0,0,0,0,0,0,1.361625273,3.763232055,6.840290743,9.123961477,10.72145885,0,8.0640604,0,7.96507692
140,0,0,0,0,0,0,0,0,0,0,0,0,0,0,0,1.327681517,3.669418996,6.669770142,8.896511584,10.45418518,0,8.075015109,0,7.963236847
141,0,0,0,0,0,0,0,0,0,0,0,0,0,0,0,1.254607943,3.467459749,6.302676125,8.4068611,9.878802703,0,8.097370672,0,7.960209574
142,0,0,0,0,0,0,0,0,0,0,0,0,0,0,0,1.215330421,3.358905337,6.105360699,8.143670775,9.569530876,0,8.108791002,0,7.959042731
143,0,0,0,0,0,0,0,0,0,0,0,0,0,0,0,1.13090786,3.125579992,5.681253661,7.577973144,8.904786303,0,8.132166049,0,7.957453845
144,0,0,0,0,0,0,0,0,0,0,0,0,0,0,0,1.038120361,2.869135802,5.215124336,6.956223839,8.174176075,0,8.15632027,0,7.956926822
145,0,0,0,0,0,0,0,0,0,0,0,0,0,0,0,0.988377793,2.731658309,4.965236471,6.622909462,7.782502305,0,8.168714868,0,7.957087468
146,0,0,0,0,0,0,0,0,0,0,0,0,0,0,0,0.881749805,2.43696206,4.429577761,5.908417986,6.942911852,0,8.194190334,0,7.958309374
147,0,0,0,0,0,0,0,0,0,0,0,0,0,0,0,0.824678808,2.279230406,4.142874641,5.525997367,6.493533921,0,8.207291961,0,7.959391682
148,0,0,0,0,0,0,0,0,0,0,0,0,0,0,0,0.702539625,1.941664632,3.529293548,4.707568666,5.531808069,0,8.234275503,0,7.962551955
149,0,0,0,0,0,0,0,0,0,0,0,0,0,0,0,0.637270294,1.761274591,3.201405097,4.270212754,5.017876327,0,8.248178658,0,7.964651228
150,0,0,0,0,0,0,0,0,0,0,0,0,0,0,0,0.497809094,1.375834582,2.500804739,3.335712904,3.919756644,0,8.27686144,0,7.969941641
151,0,0,0,0,0,0,0,0,0,0,0,0,0,0,0,0.345721542,0.95549812,1.736774361,2.316606554,2.722216867,0,8.306785387,0,7.97675984
152,0,0,0,0,0,0,0,0,0,0,0,0,0,0,0,0.26465865,0.731458159,1.329545029,1.773421348,2.083926378,0,8.3222403,0,7.980769008
153,0,0,0,0,0,0,0,0,0,0,0,0,0,0,0,0.09190076,0.25399344,0.461674685,0.615807456,0.723628033,0,8.354191715,0,7.990042156
154,0,0,0,0,0,0,0,0,0,0,0,0,0,0,0,0,0,0,0,0,0,8.370710739,0,7.995328136
155,0,0,0,0,0,0,0,0,0,0,0,0,0,0,0,0,0,0,0,0,0,8.404892333,0,8.007254232
156,0,0,0,0,0,0,0,0,0,0,0,0,0,0,0,0,0,0,0,0,0,8.422577908,0,8.013916607
157,0,0,0,0,0,0,0,0,0,0,0,0,0,0,0,0,0,0,0,0,0,8.459196724,0,8.028695984
158,0,0,0,0,0,0,0,0,0,0,0,0,0,0,0,0,0,0,0,0,0,8.478153452,0,8.036835504
159,0,0,0,0,0,0,0,0,0,0,0,0,0,0,0,0,0,0,0,0,0,8.517420865,0,8.054670829
160,0,0,0,0,0,0,0,0,0,0,0,0,0,0,0,0,0,0,0,0,0,8.558573578,0,8.074657199
